{
  "Ksusha": {
    "precision": 0.875,
    "recall": 0.7,
    "f1-score": 0.7777777777777778,
    "support": 10.0
  },
  "Tiku": {
    "precision": 0.8846153846153846,
    "recall": 0.9583333333333334,
    "f1-score": 0.92,
    "support": 24.0
  },
  "accuracy": 0.8823529411764706,
  "macro avg": {
    "precision": 0.8798076923076923,
    "recall": 0.8291666666666666,
    "f1-score": 0.8488888888888889,
    "support": 34.0
  },
  "weighted avg": {
    "precision": 0.8817873303167421,
    "recall": 0.8823529411764706,
    "f1-score": 0.878169934640523,
    "support": 34.0
  }
}