{
  "Ksusha": {
    "precision": 0.0,
    "recall": 0.0,
    "f1-score": 0.0,
    "support": 10.0
  },
  "Tiku": {
    "precision": 0.7058823529411765,
    "recall": 1.0,
    "f1-score": 0.8275862068965517,
    "support": 24.0
  },
  "accuracy": 0.7058823529411765,
  "macro avg": {
    "precision": 0.35294117647058826,
    "recall": 0.5,
    "f1-score": 0.41379310344827586,
    "support": 34.0
  },
  "weighted avg": {
    "precision": 0.49826989619377166,
    "recall": 0.7058823529411765,
    "f1-score": 0.5841784989858012,
    "support": 34.0
  }
}