{
  "Ksusha": {
    "precision": 0.8888888888888888,
    "recall": 0.8,
    "f1-score": 0.8421052631578947,
    "support": 10.0
  },
  "Tiku": {
    "precision": 0.92,
    "recall": 0.9583333333333334,
    "f1-score": 0.9387755102040817,
    "support": 24.0
  },
  "accuracy": 0.9117647058823529,
  "macro avg": {
    "precision": 0.9044444444444444,
    "recall": 0.8791666666666667,
    "f1-score": 0.8904403866809882,
    "support": 34.0
  },
  "weighted avg": {
    "precision": 0.9108496732026145,
    "recall": 0.9117647058823529,
    "f1-score": 0.9103430846022619,
    "support": 34.0
  }
}