{"accuracy": [0.6577181220054626, 0.33557048439979553, 0.6577181220054626, 0.5973154306411743, 0.6845637559890747, 0.7785235047340393, 0.6845637559890747, 0.7651006579399109, 0.7785235047340393, 0.744966447353363, 0.7046979665756226, 0.7315436005592346, 0.8120805621147156, 0.8053691387176514, 0.8523489832878113, 0.8456375598907471, 0.7382550239562988, 0.8389261960983276, 0.8859060406684875, 0.8859060406684875], "loss": [0.7288929224014282, 0.7648229598999023, 0.7045353055000305, 0.6726704239845276, 0.6617829203605652, 0.6408107280731201, 0.605658233165741, 0.5717359781265259, 0.5423823595046997, 0.547702431678772, 0.5768722295761108, 0.490669310092926, 0.48194101452827454, 0.4157783091068268, 0.4409424364566803, 0.40295860171318054, 0.43035632371902466, 0.3790433406829834, 0.331333190202713, 0.34654077887535095], "val_accuracy": [0.25806450843811035, 0.6451612710952759, 0.7419354915618896, 0.4193548262119293, 0.7419354915618896, 0.7419354915618896, 0.7096773982048035, 0.8064516186714172, 0.7096773982048035, 0.4193548262119293, 0.774193525314331, 0.774193525314331, 0.8064516186714172, 0.8387096524238586, 0.8387096524238586, 0.8387096524238586, 0.8709677457809448, 0.8387096524238586, 0.8709677457809448, 0.8387096524238586], "val_loss": [1.0098164081573486, 0.6825700402259827, 0.6424514055252075, 0.6987903714179993, 0.5845580697059631, 0.6126205921173096, 0.5352661609649658, 0.5515129566192627, 0.4621439278125763, 0.8831650018692017, 0.42666834592819214, 0.3828989267349243, 0.4981745481491089, 0.3289376497268677, 0.3668322265148163, 0.3839420676231384, 0.2987877130508423, 0.34095650911331177, 0.283619225025177, 0.293325811624527]}