{"accuracy": [0.46979865431785583, 0.4161073863506317, 0.29530200362205505, 0.5167785286903381, 0.7718120813369751], "loss": [0.7768746018409729, 0.688628613948822, 0.6915138959884644, 0.66597980260849, 0.6544976830482483], "val_accuracy": [0.7419354915618896, 0.25806450843811035, 0.5483871102333069, 0.774193525314331, 0.6774193644523621], "val_loss": [0.6201520562171936, 0.7328144311904907, 0.6863966584205627, 0.6308512687683105, 0.6567556262016296]}