{"accuracy": [0.5167785286903381, 0.8389261960983276, 0.9328858852386475, 0.9798657894134521, 0.9865771532058716, 0.9932885766029358, 0.9597315192222595, 0.9664429426193237, 0.9798657894134521, 0.9530201554298401], "loss": [0.8795582056045532, 0.28723105788230896, 0.14961887896060944, 0.07167195528745651, 0.021156543865799904, 0.02246941067278385, 0.09283027052879333, 0.11941305547952652, 0.0325610414147377, 0.3181549310684204], "val_accuracy": [0.8387096524238586, 0.9032257795333862, 0.8064516186714172, 0.9354838728904724, 0.9354838728904724, 0.9032257795333862, 0.8709677457809448, 0.9354838728904724, 0.8709677457809448, 1.0], "val_loss": [0.45636820793151855, 0.21568186581134796, 0.6062105298042297, 0.16553974151611328, 0.10501939803361893, 0.4775533378124237, 0.4455522298812866, 0.11262664943933487, 1.0043249130249023, 0.0562487468123436]}